"","filename","n_taxa"
"1","article_0_0_0_0_0_100.RDa",51
"2","article_0_0_0_0_0_101.RDa",68
"3","article_0_0_0_0_0_102.RDa",24
"4","article_0_0_0_0_0_103.RDa",37
"5","article_0_0_0_0_0_104.RDa",29
"6","article_0_0_0_0_0_105.RDa",31
"7","article_0_0_0_0_0_106.RDa",20
"8","article_0_0_0_0_0_107.RDa",30
"9","article_0_0_0_0_0_108.RDa",56
"10","article_0_0_0_0_0_109.RDa",34
"11","article_0_0_0_0_0_110.RDa",42
"12","article_0_0_0_0_0_111.RDa",57
"13","article_0_0_0_0_0_112.RDa",41
"14","article_0_0_0_0_0_113.RDa",37
"15","article_0_0_0_0_0_114.RDa",46
"16","article_0_0_0_0_0_115.RDa",59
"17","article_0_0_0_0_0_116.RDa",19
"18","article_0_0_0_0_0_117.RDa",43
"19","article_0_0_0_0_0_118.RDa",4
"20","article_0_0_0_0_0_119.RDa",10
"21","article_0_0_0_0_1_120.RDa",15
"22","article_0_0_0_0_1_121.RDa",51
"23","article_0_0_0_0_1_122.RDa",112
"24","article_0_0_0_0_1_123.RDa",32
"25","article_0_0_0_0_1_124.RDa",17
"26","article_0_0_0_0_1_125.RDa",11
"27","article_0_0_0_0_1_126.RDa",56
"28","article_0_0_0_0_1_127.RDa",17
"29","article_0_0_0_0_1_128.RDa",80
"30","article_0_0_0_0_1_129.RDa",61
"31","article_0_0_0_0_1_130.RDa",38
"32","article_0_0_0_0_1_131.RDa",11
"33","article_0_0_0_0_1_132.RDa",25
"34","article_0_0_0_0_1_133.RDa",78
"35","article_0_0_0_0_1_134.RDa",53
"36","article_0_0_0_0_1_135.RDa",28
"37","article_0_0_0_0_1_136.RDa",43
"38","article_0_0_0_0_1_137.RDa",57
"39","article_0_0_0_0_1_138.RDa",31
"40","article_0_0_0_0_1_139.RDa",57
"41","article_0_0_1_0_0_140.RDa",14
"42","article_0_0_1_0_0_141.RDa",18
"43","article_0_0_1_0_0_142.RDa",22
"44","article_0_0_1_0_0_143.RDa",23
"45","article_0_0_1_0_0_144.RDa",10
"46","article_0_0_1_0_0_145.RDa",8
"47","article_0_0_1_0_0_146.RDa",29
"48","article_0_0_1_0_0_147.RDa",21
"49","article_0_0_1_0_0_148.RDa",4
"50","article_0_0_1_0_0_149.RDa",39
"51","article_0_0_1_0_0_150.RDa",18
"52","article_0_0_1_0_0_151.RDa",4
"53","article_0_0_1_0_0_152.RDa",29
"54","article_0_0_1_0_0_153.RDa",47
"55","article_0_0_1_0_0_154.RDa",29
"56","article_0_0_1_0_0_155.RDa",19
"57","article_0_0_1_0_0_156.RDa",6
"58","article_0_0_1_0_0_157.RDa",5
"59","article_0_0_1_0_0_158.RDa",12
"60","article_0_0_1_0_0_159.RDa",11
"61","article_0_0_1_0_1_160.RDa",19
"62","article_0_0_1_0_1_161.RDa",11
"63","article_0_0_1_0_1_162.RDa",12
"64","article_0_0_1_0_1_163.RDa",16
"65","article_0_0_1_0_1_164.RDa",14
"66","article_0_0_1_0_1_165.RDa",14
"67","article_0_0_1_0_1_166.RDa",10
"68","article_0_0_1_0_1_167.RDa",43
"69","article_0_0_1_0_1_168.RDa",7
"70","article_0_0_1_0_1_169.RDa",7
"71","article_0_0_1_0_1_170.RDa",3
"72","article_0_0_1_0_1_171.RDa",18
"73","article_0_0_1_0_1_172.RDa",65
"74","article_0_0_1_0_1_173.RDa",27
"75","article_0_0_1_0_1_174.RDa",25
"76","article_0_0_1_0_1_175.RDa",11
"77","article_0_0_1_0_1_176.RDa",10
"78","article_0_0_1_0_1_177.RDa",41
"79","article_0_0_1_0_1_178.RDa",10
"80","article_0_0_1_0_1_179.RDa",7
"81","article_0_0_2_0_0_180.RDa",10
"82","article_0_0_2_0_0_181.RDa",11
"83","article_0_0_2_0_0_182.RDa",4
"84","article_0_0_2_0_0_183.RDa",6
"85","article_0_0_2_0_0_184.RDa",4
"86","article_0_0_2_0_0_185.RDa",5
"87","article_0_0_2_0_0_186.RDa",4
"88","article_0_0_2_0_0_187.RDa",6
"89","article_0_0_2_0_0_188.RDa",3
"90","article_0_0_2_0_0_189.RDa",3
"91","article_0_0_2_0_0_190.RDa",11
"92","article_0_0_2_0_0_191.RDa",5
"93","article_0_0_2_0_0_192.RDa",4
"94","article_0_0_2_0_0_193.RDa",7
"95","article_0_0_2_0_0_194.RDa",9
"96","article_0_0_2_0_0_195.RDa",4
"97","article_0_0_2_0_0_196.RDa",6
"98","article_0_0_2_0_0_197.RDa",2
"99","article_0_0_2_0_0_198.RDa",3
"100","article_0_0_2_0_0_199.RDa",2
"101","article_0_0_2_0_1_200.RDa",3
"102","article_0_0_2_0_1_201.RDa",2
"103","article_0_0_2_0_1_202.RDa",5
"104","article_0_0_2_0_1_203.RDa",6
"105","article_0_0_2_0_1_204.RDa",6
"106","article_0_0_2_0_1_205.RDa",18
"107","article_0_0_2_0_1_206.RDa",10
"108","article_0_0_2_0_1_207.RDa",13
"109","article_0_0_2_0_1_208.RDa",9
"110","article_0_0_2_0_1_209.RDa",4
"111","article_0_0_2_0_1_210.RDa",3
"112","article_0_0_2_0_1_211.RDa",3
"113","article_0_0_2_0_1_212.RDa",10
"114","article_0_0_2_0_1_213.RDa",12
"115","article_0_0_2_0_1_214.RDa",8
"116","article_0_0_2_0_1_215.RDa",6
"117","article_0_0_2_0_1_216.RDa",3
"118","article_0_0_2_0_1_217.RDa",10
"119","article_0_0_2_0_1_218.RDa",7
"120","article_0_0_2_0_1_219.RDa",2
"121","article_0_1_0_0_0_220.RDa",48
"122","article_0_1_0_0_0_221.RDa",60
"123","article_0_1_0_0_0_222.RDa",223
"124","article_0_1_0_0_0_223.RDa",82
"125","article_0_1_0_0_0_224.RDa",82
"126","article_0_1_0_0_0_225.RDa",80
"127","article_0_1_0_0_0_226.RDa",250
"128","article_0_1_0_0_0_227.RDa",141
"129","article_0_1_0_0_0_228.RDa",20
"130","article_0_1_0_0_0_229.RDa",180
"131","article_0_1_0_0_0_230.RDa",14
"132","article_0_1_0_0_0_231.RDa",141
"133","article_0_1_0_0_0_232.RDa",131
"134","article_0_1_0_0_0_233.RDa",193
"135","article_0_1_0_0_0_234.RDa",119
"136","article_0_1_0_0_0_235.RDa",76
"137","article_0_1_0_0_0_236.RDa",55
"138","article_0_1_0_0_0_237.RDa",43
"139","article_0_1_0_0_0_238.RDa",150
"140","article_0_1_0_0_0_239.RDa",66
"141","article_0_1_0_0_1_240.RDa",40
"142","article_0_1_0_0_1_241.RDa",62
"143","article_0_1_0_0_1_242.RDa",NA
"144","article_0_1_0_0_1_243.RDa",86
"145","article_0_1_0_0_1_244.RDa",139
"146","article_0_1_0_0_1_245.RDa",107
"147","article_0_1_0_0_1_246.RDa",12
"148","article_0_1_0_0_1_247.RDa",39
"149","article_0_1_0_0_1_248.RDa",67
"150","article_0_1_0_0_1_249.RDa",40
"151","article_0_1_0_0_1_250.RDa",26
"152","article_0_1_0_0_1_251.RDa",32
"153","article_0_1_0_0_1_252.RDa",50
"154","article_0_1_0_0_1_253.RDa",89
"155","article_0_1_0_0_1_254.RDa",201
"156","article_0_1_0_0_1_255.RDa",126
"157","article_0_1_0_0_1_256.RDa",22
"158","article_0_1_0_0_1_257.RDa",313
"159","article_0_1_0_0_1_258.RDa",108
"160","article_0_1_0_0_1_259.RDa",190
"161","article_0_1_1_0_0_260.RDa",23
"162","article_0_1_1_0_0_261.RDa",54
"163","article_0_1_1_0_0_262.RDa",28
"164","article_0_1_1_0_0_263.RDa",46
"165","article_0_1_1_0_0_264.RDa",63
"166","article_0_1_1_0_0_265.RDa",34
"167","article_0_1_1_0_0_266.RDa",36
"168","article_0_1_1_0_0_267.RDa",25
"169","article_0_1_1_0_0_268.RDa",24
"170","article_0_1_1_0_0_269.RDa",36
"171","article_0_1_1_0_0_270.RDa",18
"172","article_0_1_1_0_0_271.RDa",23
"173","article_0_1_1_0_0_272.RDa",6
"174","article_0_1_1_0_0_273.RDa",24
"175","article_0_1_1_0_0_274.RDa",4
"176","article_0_1_1_0_0_275.RDa",67
"177","article_0_1_1_0_0_276.RDa",44
"178","article_0_1_1_0_0_277.RDa",32
"179","article_0_1_1_0_0_278.RDa",36
"180","article_0_1_1_0_0_279.RDa",33
"181","article_0_1_1_0_1_280.RDa",46
"182","article_0_1_1_0_1_281.RDa",16
"183","article_0_1_1_0_1_282.RDa",26
"184","article_0_1_1_0_1_283.RDa",36
"185","article_0_1_1_0_1_284.RDa",57
"186","article_0_1_1_0_1_285.RDa",42
"187","article_0_1_1_0_1_286.RDa",41
"188","article_0_1_1_0_1_287.RDa",17
"189","article_0_1_1_0_1_288.RDa",11
"190","article_0_1_1_0_1_289.RDa",22
"191","article_0_1_1_0_1_290.RDa",33
"192","article_0_1_1_0_1_291.RDa",15
"193","article_0_1_1_0_1_292.RDa",51
"194","article_0_1_1_0_1_293.RDa",47
"195","article_0_1_1_0_1_294.RDa",12
"196","article_0_1_1_0_1_295.RDa",21
"197","article_0_1_1_0_1_296.RDa",28
"198","article_0_1_1_0_1_297.RDa",53
"199","article_0_1_1_0_1_298.RDa",42
"200","article_0_1_1_0_1_299.RDa",48
"201","article_0_1_2_0_0_300.RDa",11
"202","article_0_1_2_0_0_301.RDa",7
"203","article_0_1_2_0_0_302.RDa",11
"204","article_0_1_2_0_0_303.RDa",12
"205","article_0_1_2_0_0_304.RDa",23
"206","article_0_1_2_0_0_305.RDa",11
"207","article_0_1_2_0_0_306.RDa",9
"208","article_0_1_2_0_0_307.RDa",9
"209","article_0_1_2_0_0_308.RDa",7
"210","article_0_1_2_0_0_309.RDa",43
"211","article_0_1_2_0_0_310.RDa",29
"212","article_0_1_2_0_0_311.RDa",5
"213","article_0_1_2_0_0_312.RDa",9
"214","article_0_1_2_0_0_313.RDa",13
"215","article_0_1_2_0_0_314.RDa",4
"216","article_0_1_2_0_0_315.RDa",12
"217","article_0_1_2_0_0_316.RDa",10
"218","article_0_1_2_0_0_317.RDa",7
"219","article_0_1_2_0_0_318.RDa",22
"220","article_0_1_2_0_0_319.RDa",2
"221","article_0_1_2_0_1_320.RDa",5
"222","article_0_1_2_0_1_321.RDa",16
"223","article_0_1_2_0_1_322.RDa",17
"224","article_0_1_2_0_1_323.RDa",6
"225","article_0_1_2_0_1_324.RDa",9
"226","article_0_1_2_0_1_325.RDa",6
"227","article_0_1_2_0_1_326.RDa",2
"228","article_0_1_2_0_1_327.RDa",16
"229","article_0_1_2_0_1_328.RDa",3
"230","article_0_1_2_0_1_329.RDa",32
"231","article_0_1_2_0_1_330.RDa",24
"232","article_0_1_2_0_1_331.RDa",7
"233","article_0_1_2_0_1_332.RDa",14
"234","article_0_1_2_0_1_333.RDa",22
"235","article_0_1_2_0_1_334.RDa",6
"236","article_0_1_2_0_1_335.RDa",29
"237","article_0_1_2_0_1_336.RDa",5
"238","article_0_1_2_0_1_337.RDa",29
"239","article_0_1_2_0_1_338.RDa",18
"240","article_0_1_2_0_1_339.RDa",14
"241","article_0_2_0_0_0_340.RDa",71
"242","article_0_2_0_0_0_341.RDa",123
"243","article_0_2_0_0_0_342.RDa",150
"244","article_0_2_0_0_0_343.RDa",97
"245","article_0_2_0_0_0_344.RDa",147
"246","article_0_2_0_0_0_345.RDa",NA
"247","article_0_2_0_0_0_346.RDa",138
"248","article_0_2_0_0_0_347.RDa",76
"249","article_0_2_0_0_0_348.RDa",146
"250","article_0_2_0_0_0_349.RDa",141
"251","article_0_2_0_0_0_350.RDa",117
"252","article_0_2_0_0_0_351.RDa",409
"253","article_0_2_0_0_0_352.RDa",136
"254","article_0_2_0_0_0_353.RDa",25
"255","article_0_2_0_0_0_354.RDa",228
"256","article_0_2_0_0_0_355.RDa",19
"257","article_0_2_0_0_0_356.RDa",492
"258","article_0_2_0_0_0_357.RDa",32
"259","article_0_2_0_0_0_358.RDa",186
"260","article_0_2_0_0_0_359.RDa",59
"261","article_0_2_0_0_1_360.RDa",238
"262","article_0_2_0_0_1_361.RDa",120
"263","article_0_2_0_0_1_362.RDa",73
"264","article_0_2_0_0_1_363.RDa",88
"265","article_0_2_0_0_1_364.RDa",138
"266","article_0_2_0_0_1_365.RDa",290
"267","article_0_2_0_0_1_366.RDa",58
"268","article_0_2_0_0_1_367.RDa",48
"269","article_0_2_0_0_1_368.RDa",185
"270","article_0_2_0_0_1_369.RDa",131
"271","article_0_2_0_0_1_370.RDa",91
"272","article_0_2_0_0_1_371.RDa",54
"273","article_0_2_0_0_1_372.RDa",154
"274","article_0_2_0_0_1_373.RDa",81
"275","article_0_2_0_0_1_374.RDa",95
"276","article_0_2_0_0_1_375.RDa",162
"277","article_0_2_0_0_1_376.RDa",285
"278","article_0_2_0_0_1_377.RDa",145
"279","article_0_2_0_0_1_378.RDa",201
"280","article_0_2_0_0_1_379.RDa",81
"281","article_0_2_1_0_0_380.RDa",40
"282","article_0_2_1_0_0_381.RDa",43
"283","article_0_2_1_0_0_382.RDa",22
"284","article_0_2_1_0_0_383.RDa",14
"285","article_0_2_1_0_0_384.RDa",15
"286","article_0_2_1_0_0_385.RDa",15
"287","article_0_2_1_0_0_386.RDa",34
"288","article_0_2_1_0_0_387.RDa",42
"289","article_0_2_1_0_0_388.RDa",132
"290","article_0_2_1_0_0_389.RDa",40
"291","article_0_2_1_0_0_390.RDa",93
"292","article_0_2_1_0_0_391.RDa",24
"293","article_0_2_1_0_0_392.RDa",44
"294","article_0_2_1_0_0_393.RDa",77
"295","article_0_2_1_0_0_394.RDa",20
"296","article_0_2_1_0_0_395.RDa",6
"297","article_0_2_1_0_0_396.RDa",8
"298","article_0_2_1_0_0_397.RDa",24
"299","article_0_2_1_0_0_398.RDa",11
"300","article_0_2_1_0_0_399.RDa",76
"301","article_0_2_1_0_1_400.RDa",37
"302","article_0_2_1_0_1_401.RDa",43
"303","article_0_2_1_0_1_402.RDa",47
"304","article_0_2_1_0_1_403.RDa",30
"305","article_0_2_1_0_1_404.RDa",65
"306","article_0_2_1_0_1_405.RDa",75
"307","article_0_2_1_0_1_406.RDa",38
"308","article_0_2_1_0_1_407.RDa",20
"309","article_0_2_1_0_1_408.RDa",8
"310","article_0_2_1_0_1_409.RDa",63
"311","article_0_2_1_0_1_410.RDa",22
"312","article_0_2_1_0_1_411.RDa",62
"313","article_0_2_1_0_1_412.RDa",22
"314","article_0_2_1_0_1_413.RDa",12
"315","article_0_2_1_0_1_414.RDa",71
"316","article_0_2_1_0_1_415.RDa",29
"317","article_0_2_1_0_1_416.RDa",71
"318","article_0_2_1_0_1_417.RDa",23
"319","article_0_2_1_0_1_418.RDa",101
"320","article_0_2_1_0_1_419.RDa",23
"321","article_0_2_2_0_0_420.RDa",26
"322","article_0_2_2_0_0_421.RDa",13
"323","article_0_2_2_0_0_422.RDa",8
"324","article_0_2_2_0_0_423.RDa",5
"325","article_0_2_2_0_0_424.RDa",4
"326","article_0_2_2_0_0_425.RDa",9
"327","article_0_2_2_0_0_426.RDa",13
"328","article_0_2_2_0_0_427.RDa",33
"329","article_0_2_2_0_0_428.RDa",14
"330","article_0_2_2_0_0_429.RDa",21
"331","article_0_2_2_0_0_430.RDa",4
"332","article_0_2_2_0_0_431.RDa",4
"333","article_0_2_2_0_0_432.RDa",24
"334","article_0_2_2_0_0_433.RDa",11
"335","article_0_2_2_0_0_434.RDa",11
"336","article_0_2_2_0_0_435.RDa",6
"337","article_0_2_2_0_0_436.RDa",14
"338","article_0_2_2_0_0_437.RDa",3
"339","article_0_2_2_0_0_438.RDa",13
"340","article_0_2_2_0_0_439.RDa",31
"341","article_0_2_2_0_1_440.RDa",19
"342","article_0_2_2_0_1_441.RDa",22
"343","article_0_2_2_0_1_442.RDa",17
"344","article_0_2_2_0_1_443.RDa",16
"345","article_0_2_2_0_1_444.RDa",38
"346","article_0_2_2_0_1_445.RDa",13
"347","article_0_2_2_0_1_446.RDa",9
"348","article_0_2_2_0_1_447.RDa",29
"349","article_0_2_2_0_1_448.RDa",11
"350","article_0_2_2_0_1_449.RDa",15
"351","article_0_2_2_0_1_450.RDa",25
"352","article_0_2_2_0_1_451.RDa",60
"353","article_0_2_2_0_1_452.RDa",29
"354","article_0_2_2_0_1_453.RDa",25
"355","article_0_2_2_0_1_454.RDa",11
"356","article_0_2_2_0_1_455.RDa",3
"357","article_0_2_2_0_1_456.RDa",46
"358","article_0_2_2_0_1_457.RDa",11
"359","article_0_2_2_0_1_458.RDa",8
"360","article_0_2_2_0_1_459.RDa",13
"361","article_0_3_0_0_0_460.RDa",137
"362","article_0_3_0_0_0_461.RDa",633
"363","article_0_3_0_0_0_462.RDa",125
"364","article_0_3_0_0_0_463.RDa",249
"365","article_0_3_0_0_0_464.RDa",124
"366","article_0_3_0_0_0_465.RDa",278
"367","article_0_3_0_0_0_466.RDa",58
"368","article_0_3_0_0_0_467.RDa",86
"369","article_0_3_0_0_0_468.RDa",258
"370","article_0_3_0_0_0_469.RDa",246
"371","article_0_3_0_0_0_470.RDa",133
"372","article_0_3_0_0_0_471.RDa",111
"373","article_0_3_0_0_0_472.RDa",240
"374","article_0_3_0_0_0_473.RDa",108
"375","article_0_3_0_0_0_474.RDa",235
"376","article_0_3_0_0_0_475.RDa",52
"377","article_0_3_0_0_0_476.RDa",135
"378","article_0_3_0_0_0_477.RDa",400
"379","article_0_3_0_0_0_478.RDa",95
"380","article_0_3_0_0_0_479.RDa",144
"381","article_0_3_0_0_1_480.RDa",54
"382","article_0_3_0_0_1_481.RDa",180
"383","article_0_3_0_0_1_482.RDa",126
"384","article_0_3_0_0_1_483.RDa",103
"385","article_0_3_0_0_1_484.RDa",58
"386","article_0_3_0_0_1_485.RDa",125
"387","article_0_3_0_0_1_486.RDa",464
"388","article_0_3_0_0_1_487.RDa",444
"389","article_0_3_0_0_1_488.RDa",462
"390","article_0_3_0_0_1_489.RDa",143
"391","article_0_3_0_0_1_490.RDa",476
"392","article_0_3_0_0_1_491.RDa",49
"393","article_0_3_0_0_1_492.RDa",37
"394","article_0_3_0_0_1_493.RDa",64
"395","article_0_3_0_0_1_494.RDa",18
"396","article_0_3_0_0_1_495.RDa",208
"397","article_0_3_0_0_1_496.RDa",368
"398","article_0_3_0_0_1_497.RDa",212
"399","article_0_3_0_0_1_498.RDa",83
"400","article_0_3_0_0_1_499.RDa",70
"401","article_0_3_1_0_0_500.RDa",43
"402","article_0_3_1_0_0_501.RDa",58
"403","article_0_3_1_0_0_502.RDa",48
"404","article_0_3_1_0_0_503.RDa",9
"405","article_0_3_1_0_0_504.RDa",117
"406","article_0_3_1_0_0_505.RDa",23
"407","article_0_3_1_0_0_506.RDa",30
"408","article_0_3_1_0_0_507.RDa",194
"409","article_0_3_1_0_0_508.RDa",44
"410","article_0_3_1_0_0_509.RDa",97
"411","article_0_3_1_0_0_510.RDa",102
"412","article_0_3_1_0_0_511.RDa",24
"413","article_0_3_1_0_0_512.RDa",39
"414","article_0_3_1_0_0_513.RDa",35
"415","article_0_3_1_0_0_514.RDa",170
"416","article_0_3_1_0_0_515.RDa",86
"417","article_0_3_1_0_0_516.RDa",51
"418","article_0_3_1_0_0_517.RDa",47
"419","article_0_3_1_0_0_518.RDa",27
"420","article_0_3_1_0_0_519.RDa",17
"421","article_0_3_1_0_1_520.RDa",55
"422","article_0_3_1_0_1_521.RDa",NA
"423","article_0_3_1_0_1_522.RDa",41
"424","article_0_3_1_0_1_523.RDa",72
"425","article_0_3_1_0_1_524.RDa",18
"426","article_0_3_1_0_1_525.RDa",24
"427","article_0_3_1_0_1_526.RDa",22
"428","article_0_3_1_0_1_527.RDa",84
"429","article_0_3_1_0_1_528.RDa",42
"430","article_0_3_1_0_1_529.RDa",68
"431","article_0_3_1_0_1_530.RDa",39
"432","article_0_3_1_0_1_531.RDa",30
"433","article_0_3_1_0_1_532.RDa",34
"434","article_0_3_1_0_1_533.RDa",129
"435","article_0_3_1_0_1_534.RDa",45
"436","article_0_3_1_0_1_535.RDa",45
"437","article_0_3_1_0_1_536.RDa",110
"438","article_0_3_1_0_1_537.RDa",69
"439","article_0_3_1_0_1_538.RDa",88
"440","article_0_3_1_0_1_539.RDa",11
"441","article_0_3_2_0_0_540.RDa",38
"442","article_0_3_2_0_0_541.RDa",17
"443","article_0_3_2_0_0_542.RDa",6
"444","article_0_3_2_0_0_543.RDa",28
"445","article_0_3_2_0_0_544.RDa",25
"446","article_0_3_2_0_0_545.RDa",3
"447","article_0_3_2_0_0_546.RDa",33
"448","article_0_3_2_0_0_547.RDa",9
"449","article_0_3_2_0_0_548.RDa",21
"450","article_0_3_2_0_0_549.RDa",81
"451","article_0_3_2_0_0_550.RDa",51
"452","article_0_3_2_0_0_551.RDa",35
"453","article_0_3_2_0_0_552.RDa",17
"454","article_0_3_2_0_0_553.RDa",9
"455","article_0_3_2_0_0_554.RDa",22
"456","article_0_3_2_0_0_555.RDa",22
"457","article_0_3_2_0_0_556.RDa",19
"458","article_0_3_2_0_0_557.RDa",26
"459","article_0_3_2_0_0_558.RDa",30
"460","article_0_3_2_0_0_559.RDa",16
"461","article_0_3_2_0_1_560.RDa",91
"462","article_0_3_2_0_1_561.RDa",11
"463","article_0_3_2_0_1_562.RDa",36
"464","article_0_3_2_0_1_563.RDa",44
"465","article_0_3_2_0_1_564.RDa",39
"466","article_0_3_2_0_1_565.RDa",8
"467","article_0_3_2_0_1_566.RDa",35
"468","article_0_3_2_0_1_567.RDa",17
"469","article_0_3_2_0_1_568.RDa",NA
"470","article_0_3_2_0_1_569.RDa",20
"471","article_0_3_2_0_1_570.RDa",17
"472","article_0_3_2_0_1_571.RDa",31
"473","article_0_3_2_0_1_572.RDa",46
"474","article_0_3_2_0_1_573.RDa",12
"475","article_0_3_2_0_1_574.RDa",27
"476","article_0_3_2_0_1_575.RDa",7
"477","article_0_3_2_0_1_576.RDa",7
"478","article_0_3_2_0_1_577.RDa",16
"479","article_0_3_2_0_1_578.RDa",25
"480","article_0_3_2_0_1_579.RDa",13
"481","article_1_0_0_0_0_580.RDa",377
"482","article_1_0_0_0_0_581.RDa",1994
"483","article_1_0_0_0_0_582.RDa",1803
"484","article_1_0_0_0_0_583.RDa",596
"485","article_1_0_0_0_0_584.RDa",497
"486","article_1_0_0_0_0_585.RDa",347
"487","article_1_0_0_0_0_586.RDa",159
"488","article_1_0_0_0_0_587.RDa",566
"489","article_1_0_0_0_0_588.RDa",836
"490","article_1_0_0_0_0_589.RDa",654
"491","article_1_0_0_0_0_590.RDa",270
"492","article_1_0_0_0_0_591.RDa",600
"493","article_1_0_0_0_0_592.RDa",626
"494","article_1_0_0_0_0_593.RDa",782
"495","article_1_0_0_0_0_594.RDa",248
"496","article_1_0_0_0_0_595.RDa",468
"497","article_1_0_0_0_0_596.RDa",511
"498","article_1_0_0_0_0_597.RDa",442
"499","article_1_0_0_0_0_598.RDa",145
"500","article_1_0_0_0_0_599.RDa",427
"501","article_1_0_0_0_1_600.RDa",281
"502","article_1_0_0_0_1_601.RDa",380
"503","article_1_0_0_0_1_602.RDa",130
"504","article_1_0_0_0_1_603.RDa",781
"505","article_1_0_0_0_1_604.RDa",NA
"506","article_1_0_0_0_1_605.RDa",67
"507","article_1_0_0_0_1_606.RDa",258
"508","article_1_0_0_0_1_607.RDa",158
"509","article_1_0_0_0_1_608.RDa",442
"510","article_1_0_0_0_1_609.RDa",276
"511","article_1_0_0_0_1_610.RDa",1277
"512","article_1_0_0_0_1_611.RDa",191
"513","article_1_0_0_0_1_612.RDa",284
"514","article_1_0_0_0_1_613.RDa",716
"515","article_1_0_0_0_1_614.RDa",755
"516","article_1_0_0_0_1_615.RDa",1983
"517","article_1_0_0_0_1_616.RDa",1510
"518","article_1_0_0_0_1_617.RDa",972
"519","article_1_0_0_0_1_618.RDa",275
"520","article_1_0_0_0_1_619.RDa",416
"521","article_1_0_1_0_0_620.RDa",45
"522","article_1_0_1_0_0_621.RDa",37
"523","article_1_0_1_0_0_622.RDa",151
"524","article_1_0_1_0_0_623.RDa",240
"525","article_1_0_1_0_0_624.RDa",208
"526","article_1_0_1_0_0_625.RDa",69
"527","article_1_0_1_0_0_626.RDa",333
"528","article_1_0_1_0_0_627.RDa",169
"529","article_1_0_1_0_0_628.RDa",289
"530","article_1_0_1_0_0_629.RDa",278
"531","article_1_0_1_0_0_630.RDa",232
"532","article_1_0_1_0_0_631.RDa",63
"533","article_1_0_1_0_0_632.RDa",162
"534","article_1_0_1_0_0_633.RDa",272
"535","article_1_0_1_0_0_634.RDa",93
"536","article_1_0_1_0_0_635.RDa",65
"537","article_1_0_1_0_0_636.RDa",83
"538","article_1_0_1_0_0_637.RDa",191
"539","article_1_0_1_0_0_638.RDa",44
"540","article_1_0_1_0_0_639.RDa",15
"541","article_1_0_1_0_1_640.RDa",256
"542","article_1_0_1_0_1_641.RDa",82
"543","article_1_0_1_0_1_642.RDa",308
"544","article_1_0_1_0_1_643.RDa",65
"545","article_1_0_1_0_1_644.RDa",60
"546","article_1_0_1_0_1_645.RDa",240
"547","article_1_0_1_0_1_646.RDa",130
"548","article_1_0_1_0_1_647.RDa",56
"549","article_1_0_1_0_1_648.RDa",319
"550","article_1_0_1_0_1_649.RDa",436
"551","article_1_0_1_0_1_650.RDa",84
"552","article_1_0_1_0_1_651.RDa",226
"553","article_1_0_1_0_1_652.RDa",374
"554","article_1_0_1_0_1_653.RDa",293
"555","article_1_0_1_0_1_654.RDa",177
"556","article_1_0_1_0_1_655.RDa",392
"557","article_1_0_1_0_1_656.RDa",142
"558","article_1_0_1_0_1_657.RDa",92
"559","article_1_0_1_0_1_658.RDa",69
"560","article_1_0_1_0_1_659.RDa",22
"561","article_1_0_2_0_0_660.RDa",41
"562","article_1_0_2_0_0_661.RDa",94
"563","article_1_0_2_0_0_662.RDa",47
"564","article_1_0_2_0_0_663.RDa",48
"565","article_1_0_2_0_0_664.RDa",84
"566","article_1_0_2_0_0_665.RDa",26
"567","article_1_0_2_0_0_666.RDa",35
"568","article_1_0_2_0_0_667.RDa",18
"569","article_1_0_2_0_0_668.RDa",39
"570","article_1_0_2_0_0_669.RDa",33
"571","article_1_0_2_0_0_670.RDa",181
"572","article_1_0_2_0_0_671.RDa",30
"573","article_1_0_2_0_0_672.RDa",122
"574","article_1_0_2_0_0_673.RDa",46
"575","article_1_0_2_0_0_674.RDa",42
"576","article_1_0_2_0_0_675.RDa",57
"577","article_1_0_2_0_0_676.RDa",82
"578","article_1_0_2_0_0_677.RDa",68
"579","article_1_0_2_0_0_678.RDa",80
"580","article_1_0_2_0_0_679.RDa",64
"581","article_1_0_2_0_1_680.RDa",36
"582","article_1_0_2_0_1_681.RDa",62
"583","article_1_0_2_0_1_682.RDa",29
"584","article_1_0_2_0_1_683.RDa",56
"585","article_1_0_2_0_1_684.RDa",96
"586","article_1_0_2_0_1_685.RDa",91
"587","article_1_0_2_0_1_686.RDa",22
"588","article_1_0_2_0_1_687.RDa",26
"589","article_1_0_2_0_1_688.RDa",65
"590","article_1_0_2_0_1_689.RDa",62
"591","article_1_0_2_0_1_690.RDa",23
"592","article_1_0_2_0_1_691.RDa",35
"593","article_1_0_2_0_1_692.RDa",27
"594","article_1_0_2_0_1_693.RDa",25
"595","article_1_0_2_0_1_694.RDa",136
"596","article_1_0_2_0_1_695.RDa",54
"597","article_1_0_2_0_1_696.RDa",34
"598","article_1_0_2_0_1_697.RDa",80
"599","article_1_0_2_0_1_698.RDa",103
"600","article_1_0_2_0_1_699.RDa",141
"601","article_1_1_0_0_0_700.RDa",2172
"602","article_1_1_0_0_0_701.RDa",1778
"603","article_1_1_0_0_0_702.RDa",2147
"604","article_1_1_0_0_0_703.RDa",161
"605","article_1_1_0_0_0_704.RDa",2967
"606","article_1_1_0_0_0_705.RDa",1560
"607","article_1_1_0_0_0_706.RDa",2070
"608","article_1_1_0_0_0_707.RDa",453
"609","article_1_1_0_0_0_708.RDa",882
"610","article_1_1_0_0_0_709.RDa",1173
"611","article_1_1_0_0_0_710.RDa",1096
"612","article_1_1_0_0_0_711.RDa",805
"613","article_1_1_0_0_0_712.RDa",2325
"614","article_1_1_0_0_0_713.RDa",256
"615","article_1_1_0_0_0_714.RDa",903
"616","article_1_1_0_0_0_715.RDa",625
"617","article_1_1_0_0_0_716.RDa",910
"618","article_1_1_0_0_0_717.RDa",2260
"619","article_1_1_0_0_0_718.RDa",3281
"620","article_1_1_0_0_0_719.RDa",2333
"621","article_1_1_0_0_1_720.RDa",106
"622","article_1_1_0_0_1_721.RDa",2358
"623","article_1_1_0_0_1_722.RDa",1198
"624","article_1_1_0_0_1_723.RDa",667
"625","article_1_1_0_0_1_724.RDa",1111
"626","article_1_1_0_0_1_725.RDa",151
"627","article_1_1_0_0_1_726.RDa",1381
"628","article_1_1_0_0_1_727.RDa",519
"629","article_1_1_0_0_1_728.RDa",263
"630","article_1_1_0_0_1_729.RDa",5431
"631","article_1_1_0_0_1_730.RDa",477
"632","article_1_1_0_0_1_731.RDa",3596
"633","article_1_1_0_0_1_732.RDa",2033
"634","article_1_1_0_0_1_733.RDa",616
"635","article_1_1_0_0_1_734.RDa",1502
"636","article_1_1_0_0_1_735.RDa",1033
"637","article_1_1_0_0_1_736.RDa",313
"638","article_1_1_0_0_1_737.RDa",1155
"639","article_1_1_0_0_1_738.RDa",1796
"640","article_1_1_0_0_1_739.RDa",2082
"641","article_1_1_1_0_0_740.RDa",294
"642","article_1_1_1_0_0_741.RDa",1050
"643","article_1_1_1_0_0_742.RDa",270
"644","article_1_1_1_0_0_743.RDa",123
"645","article_1_1_1_0_0_744.RDa",74
"646","article_1_1_1_0_0_745.RDa",258
"647","article_1_1_1_0_0_746.RDa",161
"648","article_1_1_1_0_0_747.RDa",1269
"649","article_1_1_1_0_0_748.RDa",251
"650","article_1_1_1_0_0_749.RDa",70
"651","article_1_1_1_0_0_750.RDa",781
"652","article_1_1_1_0_0_751.RDa",184
"653","article_1_1_1_0_0_752.RDa",202
"654","article_1_1_1_0_0_753.RDa",155
"655","article_1_1_1_0_0_754.RDa",520
"656","article_1_1_1_0_0_755.RDa",136
"657","article_1_1_1_0_0_756.RDa",495
"658","article_1_1_1_0_0_757.RDa",363
"659","article_1_1_1_0_0_758.RDa",146
"660","article_1_1_1_0_0_759.RDa",727
"661","article_1_1_1_0_1_760.RDa",283
"662","article_1_1_1_0_1_761.RDa",507
"663","article_1_1_1_0_1_762.RDa",302
"664","article_1_1_1_0_1_763.RDa",233
"665","article_1_1_1_0_1_764.RDa",971
"666","article_1_1_1_0_1_765.RDa",723
"667","article_1_1_1_0_1_766.RDa",211
"668","article_1_1_1_0_1_767.RDa",286
"669","article_1_1_1_0_1_768.RDa",366
"670","article_1_1_1_0_1_769.RDa",231
"671","article_1_1_1_0_1_770.RDa",8
"672","article_1_1_1_0_1_771.RDa",210
"673","article_1_1_1_0_1_772.RDa",443
"674","article_1_1_1_0_1_773.RDa",283
"675","article_1_1_1_0_1_774.RDa",195
"676","article_1_1_1_0_1_775.RDa",252
"677","article_1_1_1_0_1_776.RDa",663
"678","article_1_1_1_0_1_777.RDa",518
"679","article_1_1_1_0_1_778.RDa",479
"680","article_1_1_1_0_1_779.RDa",360
"681","article_1_1_2_0_0_780.RDa",115
"682","article_1_1_2_0_0_781.RDa",77
"683","article_1_1_2_0_0_782.RDa",57
"684","article_1_1_2_0_0_783.RDa",288
"685","article_1_1_2_0_0_784.RDa",52
"686","article_1_1_2_0_0_785.RDa",83
"687","article_1_1_2_0_0_786.RDa",40
"688","article_1_1_2_0_0_787.RDa",41
"689","article_1_1_2_0_0_788.RDa",83
"690","article_1_1_2_0_0_789.RDa",127
"691","article_1_1_2_0_0_790.RDa",113
"692","article_1_1_2_0_0_791.RDa",126
"693","article_1_1_2_0_0_792.RDa",34
"694","article_1_1_2_0_0_793.RDa",38
"695","article_1_1_2_0_0_794.RDa",41
"696","article_1_1_2_0_0_795.RDa",128
"697","article_1_1_2_0_0_796.RDa",51
"698","article_1_1_2_0_0_797.RDa",69
"699","article_1_1_2_0_0_798.RDa",72
"700","article_1_1_2_0_0_799.RDa",79
"701","article_1_1_2_0_1_800.RDa",255
"702","article_1_1_2_0_1_801.RDa",49
"703","article_1_1_2_0_1_802.RDa",165
"704","article_1_1_2_0_1_803.RDa",81
"705","article_1_1_2_0_1_804.RDa",118
"706","article_1_1_2_0_1_805.RDa",17
"707","article_1_1_2_0_1_806.RDa",112
"708","article_1_1_2_0_1_807.RDa",35
"709","article_1_1_2_0_1_808.RDa",245
"710","article_1_1_2_0_1_809.RDa",94
"711","article_1_1_2_0_1_810.RDa",138
"712","article_1_1_2_0_1_811.RDa",235
"713","article_1_1_2_0_1_812.RDa",138
"714","article_1_1_2_0_1_813.RDa",48
"715","article_1_1_2_0_1_814.RDa",54
"716","article_1_1_2_0_1_815.RDa",57
"717","article_1_1_2_0_1_816.RDa",16
"718","article_1_1_2_0_1_817.RDa",51
"719","article_1_1_2_0_1_818.RDa",283
"720","article_1_1_2_0_1_819.RDa",40
"721","article_1_2_0_0_0_820.RDa",1632
"722","article_1_2_0_0_0_821.RDa",6249
"723","article_1_2_0_0_0_822.RDa",235
"724","article_1_2_0_0_0_823.RDa",805
"725","article_1_2_0_0_0_824.RDa",1801
"726","article_1_2_0_0_0_825.RDa",4996
"727","article_1_2_0_0_0_826.RDa",924
"728","article_1_2_0_0_0_827.RDa",2608
"729","article_1_2_0_0_0_828.RDa",4041
"730","article_1_2_0_0_0_829.RDa",992
"731","article_1_2_0_0_0_830.RDa",4146
"732","article_1_2_0_0_0_831.RDa",2632
"733","article_1_2_0_0_0_832.RDa",834
"734","article_1_2_0_0_0_833.RDa",4027
"735","article_1_2_0_0_0_834.RDa",2403
"736","article_1_2_0_0_0_835.RDa",972
"737","article_1_2_0_0_0_836.RDa",2021
"738","article_1_2_0_0_0_837.RDa",4091
"739","article_1_2_0_0_0_838.RDa",2789
"740","article_1_2_0_0_0_839.RDa",2975
"741","article_1_2_0_0_1_840.RDa",734
"742","article_1_2_0_0_1_841.RDa",4660
"743","article_1_2_0_0_1_842.RDa",5149
"744","article_1_2_0_0_1_843.RDa",208
"745","article_1_2_0_0_1_844.RDa",3268
"746","article_1_2_0_0_1_845.RDa",819
"747","article_1_2_0_0_1_846.RDa",642
"748","article_1_2_0_0_1_847.RDa",2363
"749","article_1_2_0_0_1_848.RDa",1650
"750","article_1_2_0_0_1_849.RDa",1528
"751","article_1_2_0_0_1_850.RDa",918
"752","article_1_2_0_0_1_851.RDa",2780
"753","article_1_2_0_0_1_852.RDa",1379
"754","article_1_2_0_0_1_853.RDa",2589
"755","article_1_2_0_0_1_854.RDa",3118
"756","article_1_2_0_0_1_855.RDa",1141
"757","article_1_2_0_0_1_856.RDa",950
"758","article_1_2_0_0_1_857.RDa",915
"759","article_1_2_0_0_1_858.RDa",3217
"760","article_1_2_0_0_1_859.RDa",1663
"761","article_1_2_1_0_0_860.RDa",16
"762","article_1_2_1_0_0_861.RDa",882
"763","article_1_2_1_0_0_862.RDa",1273
"764","article_1_2_1_0_0_863.RDa",663
"765","article_1_2_1_0_0_864.RDa",1891
"766","article_1_2_1_0_0_865.RDa",281
"767","article_1_2_1_0_0_866.RDa",564
"768","article_1_2_1_0_0_867.RDa",1666
"769","article_1_2_1_0_0_868.RDa",327
"770","article_1_2_1_0_0_869.RDa",33
"771","article_1_2_1_0_0_870.RDa",350
"772","article_1_2_1_0_0_871.RDa",990
"773","article_1_2_1_0_0_872.RDa",671
"774","article_1_2_1_0_0_873.RDa",2308
"775","article_1_2_1_0_0_874.RDa",44
"776","article_1_2_1_0_0_875.RDa",389
"777","article_1_2_1_0_0_876.RDa",1041
"778","article_1_2_1_0_0_877.RDa",969
"779","article_1_2_1_0_0_878.RDa",157
"780","article_1_2_1_0_0_879.RDa",882
"781","article_1_2_1_0_1_880.RDa",539
"782","article_1_2_1_0_1_881.RDa",338
"783","article_1_2_1_0_1_882.RDa",219
"784","article_1_2_1_0_1_883.RDa",359
"785","article_1_2_1_0_1_884.RDa",1117
"786","article_1_2_1_0_1_885.RDa",29
"787","article_1_2_1_0_1_886.RDa",319
"788","article_1_2_1_0_1_887.RDa",1073
"789","article_1_2_1_0_1_888.RDa",969
"790","article_1_2_1_0_1_889.RDa",298
"791","article_1_2_1_0_1_890.RDa",393
"792","article_1_2_1_0_1_891.RDa",418
"793","article_1_2_1_0_1_892.RDa",271
"794","article_1_2_1_0_1_893.RDa",903
"795","article_1_2_1_0_1_894.RDa",405
"796","article_1_2_1_0_1_895.RDa",335
"797","article_1_2_1_0_1_896.RDa",180
"798","article_1_2_1_0_1_897.RDa",234
"799","article_1_2_1_0_1_898.RDa",355
"800","article_1_2_1_0_1_899.RDa",276
"801","article_1_2_2_0_0_900.RDa",117
"802","article_1_2_2_0_0_901.RDa",136
"803","article_1_2_2_0_0_902.RDa",93
"804","article_1_2_2_0_0_903.RDa",34
"805","article_1_2_2_0_0_904.RDa",361
"806","article_1_2_2_0_0_905.RDa",221
"807","article_1_2_2_0_0_906.RDa",81
"808","article_1_2_2_0_0_907.RDa",208
"809","article_1_2_2_0_0_908.RDa",154
"810","article_1_2_2_0_0_909.RDa",264
"811","article_1_2_2_0_0_910.RDa",221
"812","article_1_2_2_0_0_911.RDa",152
"813","article_1_2_2_0_0_912.RDa",153
"814","article_1_2_2_0_0_913.RDa",134
"815","article_1_2_2_0_0_914.RDa",275
"816","article_1_2_2_0_0_915.RDa",515
"817","article_1_2_2_0_0_916.RDa",576
"818","article_1_2_2_0_0_917.RDa",145
"819","article_1_2_2_0_0_918.RDa",239
"820","article_1_2_2_0_0_919.RDa",105
"821","article_1_2_2_0_1_920.RDa",287
"822","article_1_2_2_0_1_921.RDa",106
"823","article_1_2_2_0_1_922.RDa",509
"824","article_1_2_2_0_1_923.RDa",199
"825","article_1_2_2_0_1_924.RDa",327
"826","article_1_2_2_0_1_925.RDa",204
"827","article_1_2_2_0_1_926.RDa",127
"828","article_1_2_2_0_1_927.RDa",202
"829","article_1_2_2_0_1_928.RDa",294
"830","article_1_2_2_0_1_929.RDa",23
"831","article_1_2_2_0_1_930.RDa",487
"832","article_1_2_2_0_1_931.RDa",434
"833","article_1_2_2_0_1_932.RDa",251
"834","article_1_2_2_0_1_933.RDa",128
"835","article_1_2_2_0_1_934.RDa",134
"836","article_1_2_2_0_1_935.RDa",176
"837","article_1_2_2_0_1_936.RDa",352
"838","article_1_2_2_0_1_937.RDa",19
"839","article_1_2_2_0_1_938.RDa",378
"840","article_1_2_2_0_1_939.RDa",371
"841","article_1_3_0_0_0_940.RDa",2139
"842","article_1_3_0_0_0_941.RDa",2105
"843","article_1_3_0_0_0_942.RDa",378
"844","article_1_3_0_0_0_943.RDa",2173
"845","article_1_3_0_0_0_944.RDa",6588
"846","article_1_3_0_0_0_945.RDa",6585
"847","article_1_3_0_0_0_946.RDa",5445
"848","article_1_3_0_0_0_947.RDa",8955
"849","article_1_3_0_0_0_948.RDa",5394
"850","article_1_3_0_0_0_949.RDa",2754
"851","article_1_3_0_0_0_950.RDa",5084
"852","article_1_3_0_0_0_951.RDa",6115
"853","article_1_3_0_0_0_952.RDa",3328
"854","article_1_3_0_0_0_953.RDa",8095
"855","article_1_3_0_0_0_954.RDa",4273
"856","article_1_3_0_0_0_955.RDa",2650
"857","article_1_3_0_0_0_956.RDa",2374
"858","article_1_3_0_0_0_957.RDa",2386
"859","article_1_3_0_0_0_958.RDa",14296
"860","article_1_3_0_0_0_959.RDa",1570
"861","article_1_3_0_0_1_960.RDa",1893
"862","article_1_3_0_0_1_961.RDa",3927
"863","article_1_3_0_0_1_962.RDa",1865
"864","article_1_3_0_0_1_963.RDa",2708
"865","article_1_3_0_0_1_964.RDa",439
"866","article_1_3_0_0_1_965.RDa",5311
"867","article_1_3_0_0_1_966.RDa",5618
"868","article_1_3_0_0_1_967.RDa",1244
"869","article_1_3_0_0_1_968.RDa",6874
"870","article_1_3_0_0_1_969.RDa",5661
"871","article_1_3_0_0_1_970.RDa",4471
"872","article_1_3_0_0_1_971.RDa",4963
"873","article_1_3_0_0_1_972.RDa",11034
"874","article_1_3_0_0_1_973.RDa",354
"875","article_1_3_0_0_1_974.RDa",670
"876","article_1_3_0_0_1_975.RDa",3097
"877","article_1_3_0_0_1_976.RDa",11868
"878","article_1_3_0_0_1_977.RDa",1496
"879","article_1_3_0_0_1_978.RDa",1932
"880","article_1_3_0_0_1_979.RDa",1363
"881","article_1_3_1_0_0_980.RDa",1663
"882","article_1_3_1_0_0_981.RDa",631
"883","article_1_3_1_0_0_982.RDa",2459
"884","article_1_3_1_0_0_983.RDa",572
"885","article_1_3_1_0_0_984.RDa",1596
"886","article_1_3_1_0_0_985.RDa",981
"887","article_1_3_1_0_0_986.RDa",1136
"888","article_1_3_1_0_0_987.RDa",1219
"889","article_1_3_1_0_0_988.RDa",103
"890","article_1_3_1_0_0_989.RDa",748
"891","article_1_3_1_0_0_990.RDa",1153
"892","article_1_3_1_0_0_991.RDa",232
"893","article_1_3_1_0_0_992.RDa",2173
"894","article_1_3_1_0_0_993.RDa",377
"895","article_1_3_1_0_0_994.RDa",2337
"896","article_1_3_1_0_0_995.RDa",900
"897","article_1_3_1_0_0_996.RDa",395
"898","article_1_3_1_0_0_997.RDa",1377
"899","article_1_3_1_0_0_998.RDa",476
"900","article_1_3_1_0_0_999.RDa",214
"901","article_1_3_1_0_1_1000.RDa",649
"902","article_1_3_1_0_1_1001.RDa",533
"903","article_1_3_1_0_1_1002.RDa",1428
"904","article_1_3_1_0_1_1003.RDa",703
"905","article_1_3_1_0_1_1004.RDa",282
"906","article_1_3_1_0_1_1005.RDa",116
"907","article_1_3_1_0_1_1006.RDa",145
"908","article_1_3_1_0_1_1007.RDa",213
"909","article_1_3_1_0_1_1008.RDa",1946
"910","article_1_3_1_0_1_1009.RDa",362
"911","article_1_3_1_0_1_1010.RDa",1147
"912","article_1_3_1_0_1_1011.RDa",2844
"913","article_1_3_1_0_1_1012.RDa",450
"914","article_1_3_1_0_1_1013.RDa",522
"915","article_1_3_1_0_1_1014.RDa",1483
"916","article_1_3_1_0_1_1015.RDa",1258
"917","article_1_3_1_0_1_1016.RDa",1133
"918","article_1_3_1_0_1_1017.RDa",1070
"919","article_1_3_1_0_1_1018.RDa",1629
"920","article_1_3_1_0_1_1019.RDa",826
"921","article_1_3_2_0_0_1020.RDa",161
"922","article_1_3_2_0_0_1021.RDa",309
"923","article_1_3_2_0_0_1022.RDa",192
"924","article_1_3_2_0_0_1023.RDa",312
"925","article_1_3_2_0_0_1024.RDa",514
"926","article_1_3_2_0_0_1025.RDa",444
"927","article_1_3_2_0_0_1026.RDa",196
"928","article_1_3_2_0_0_1027.RDa",510
"929","article_1_3_2_0_0_1028.RDa",859
"930","article_1_3_2_0_0_1029.RDa",51
"931","article_1_3_2_0_0_1030.RDa",128
"932","article_1_3_2_0_0_1031.RDa",267
"933","article_1_3_2_0_0_1032.RDa",321
"934","article_1_3_2_0_0_1033.RDa",1053
"935","article_1_3_2_0_0_1034.RDa",134
"936","article_1_3_2_0_0_1035.RDa",252
"937","article_1_3_2_0_0_1036.RDa",69
"938","article_1_3_2_0_0_1037.RDa",190
"939","article_1_3_2_0_0_1038.RDa",311
"940","article_1_3_2_0_0_1039.RDa",143
"941","article_1_3_2_0_1_1040.RDa",412
"942","article_1_3_2_0_1_1041.RDa",230
"943","article_1_3_2_0_1_1042.RDa",88
"944","article_1_3_2_0_1_1043.RDa",377
"945","article_1_3_2_0_1_1044.RDa",217
"946","article_1_3_2_0_1_1045.RDa",68
"947","article_1_3_2_0_1_1046.RDa",1367
"948","article_1_3_2_0_1_1047.RDa",483
"949","article_1_3_2_0_1_1048.RDa",40
"950","article_1_3_2_0_1_1049.RDa",88
"951","article_1_3_2_0_1_1050.RDa",258
"952","article_1_3_2_0_1_1051.RDa",383
"953","article_1_3_2_0_1_1052.RDa",184
"954","article_1_3_2_0_1_1053.RDa",166
"955","article_1_3_2_0_1_1054.RDa",590
"956","article_1_3_2_0_1_1055.RDa",117
"957","article_1_3_2_0_1_1056.RDa",190
"958","article_1_3_2_0_1_1057.RDa",389
"959","article_1_3_2_0_1_1058.RDa",607
"960","article_1_3_2_0_1_1059.RDa",46
